<?xml version="1.0" encoding="utf-8"?>
<extension version="3.0" type="plugin" group="system" method="upgrade" overwrite="true">
    <name>plg_system_joomlatools</name>
    <author>Joomlatools</author>
    <creationDate>March 2016</creationDate>
    <copyright>Copyright (C) 2016 Timble CVBA (http://www.timble.net)</copyright>
    <license>GNU GPLv3 - http://www.gnu.org/licenses/gpl.html</license>
    <authorEmail>support@joomlatools.com</authorEmail>
    <authorUrl>www.joomlatools.com</authorUrl>
    <version>3.1.0-beta.1</version>
    <description />

    <scriptfile>script.php</scriptfile>

    <files folder="plugins/system/joomlatools">
        <folder>language</folder>
        <filename plugin="joomlatools">joomlatools.php</filename>
    </files>
</extension>